Workbook

Sheet Risk Register
A1: ISO 27001:2022 — IT Risk Register
A2: Inherent & Residual Risk Scoring · Likelihood × Impact Matrix
A5: TOTAL RISKS | C5: CRITICAL | E5: HIGH | G5: AVG RISK REDUCTION | I5: OPEN TREATMENTS | K5: OVERDUE
A6: =COUNTA(A12:A200)-1 -> 6 | C6: =COUNTIF(J12:J200,"Critical") -> 0 | E6: =COUNTIF(J12:J200,"High") -> 0 | G6: =IFERROR(TEXT(AVERAGE(N12:N200),"0.0")&"%","N/A") -> 48.6% | I6: =COUNTIF(P12:P200,"Open") -> 4 | K6: =COUNTIF(O12:O200,"<"&TODAY()) -> 0
A8: Risk ID | B8: Category | C8: Asset / Process | D8: Threat | E8: Vulnerability | F8: Likelihood (1-5) | G8: Impact (1-5) | H8: Inherent Score | I8: Inherent Rating | J8: Existing Controls | K8: Control Effectiveness | L8: Residual Score | M8: Residual Rating | N8: Risk Reduction % | O8: Treatment | P8: Status | Q8: Owner | R8: Due Date | S8: Notes
A9: R-001 | B9: Cybersecurity | C9: Email System | D9: Phishing / BEC Attack | E9: Lack of DMARC & advanced email filtering | F9: 4 | G9: 5 | H9: =F9*G9 -> 20 | I9: =IF(H9>=20,"Critical",IF(H9>=12,"High",IF(H9>=6,"Medium","Low"))) -> Critical | J9: DMARC, SPF, DKIM deployed; Defender for Office 365 | K9: High | L9: =H9*0.3 -> 6 | M9: =IF(L9>=20,"Critical",IF(L9>=12,"High",IF(L9>=6,"Medium","Low"))) -> Medium | N9: =ROUND((1-L9/H9)*100,1) -> 70 | O9: Implement Defender for O365 Plan 2 + Awareness Training | P9: Open | Q9: Krishnaprabu | R9: 2025-03-31 | S9: Linked to M365 hardening project
A10: R-002 | B10: Cloud Security | C10: Azure Subscriptions | D10: Misconfigured cloud storage | E10: Public blob containers, no CSPM | F10: 3 | G10: 4 | H10: =F10*G10 -> 12 | I10: =IF(H10>=20,"Critical",IF(H10>=12,"High",IF(H10>=6,"Medium","Low"))) -> High | J10: Azure Policy enforcing no-public-blob | K10: Medium | L10: =H10*0.5 -> 6 | M10: =IF(L10>=20,"Critical",IF(L10>=12,"High",IF(L10>=6,"Medium","Low"))) -> Medium | N10: =ROUND((1-L10/H10)*100,1) -> 50 | O10: Enable Defender for Storage + Blob Policy | P10: In Progress | Q10: Cloud Team | R10: 2025-04-15 | S10: Terraform IaC deployment pending
A11: R-003 | B11: Access Control | C11: Active Directory | D11: Privilege escalation | E11: Excessive admin accounts, no PAM | F11: 3 | G11: 5 | H11: =F11*G11 -> 15 | I11: =IF(H11>=20,"Critical",IF(H11>=12,"High",IF(H11>=6,"Medium","Low"))) -> High | J11: AD hardening applied, Ansible playbook | K11: Medium | L11: =H11*0.45 -> 6.75 | M11: =IF(L11>=20,"Critical",IF(L11>=12,"High",IF(L11>=6,"Medium","Low"))) -> Medium | N11: =ROUND((1-L11/H11)*100,1) -> 55 | O11: Deploy PAM solution; enforce tiered admin model | P11: Open | Q11: IT Security | R11: 2025-05-01 | S11: AD Hardening Ansible project addresses this
A12: R-004 | B12: Data Protection | C12: Customer Database | D12: Ransomware / data encryption | E12: No immutable backups; flat network | F12: 4 | G12: 5 | H12: =F12*G12 -> 20 | I12: =IF(H12>=20,"Critical",IF(H12>=12,"High",IF(H12>=6,"Medium","Low"))) -> Critical | J12: Daily backups to Azure Blob | K12: Low | L12: =H12*0.6 -> 12 | M12: =IF(L12>=20,"Critical",IF(L12>=12,"High",IF(L12>=6,"Medium","Low"))) -> High | N12: =ROUND((1-L12/H12)*100,1) -> 40 | O12: Implement immutable backup vault + network segmentation | P12: Open | Q12: IT Manager | R12: 2025-03-15 | S12: CRITICAL — prioritise immediately
A13: R-005 | B13: Compliance | C13: ISMS Documentation | D13: Audit non-conformity | E13: Incomplete records and undocumented controls | F13: 2 | G13: 4 | H13: =F13*G13 -> 8 | I13: =IF(H13>=20,"Critical",IF(H13>=12,"High",IF(H13>=6,"Medium","Low"))) -> Medium | J13: Policy library maintained in SharePoint | K13: High | L13: =H13*0.35 -> 2.8 | M13: =IF(L13>=20,"Critical",IF(L13>=12,"High",IF(L13>=6,"Medium","Low"))) -> Low | N13: =ROUND((1-L13/H13)*100,1) -> 65 | O13: Complete SoA update; schedule internal audit | P13: In Progress | Q13: ISMS Lead | R13: 2025-04-30 | S13: ISO 27001 Stage 2 audit Q3 2025
A14: R-006 | B14: Third Party | C14: Cloud Providers | D14: Third-party data breach | E14: Inadequate supplier security assessments | F14: 3 | G14: 4 | H14: =F14*G14 -> 12 | I14: =IF(H14>=20,"Critical",IF(H14>=12,"High",IF(H14>=6,"Medium","Low"))) -> High | J14: Vendor questionnaires in place | K14: Medium | L14: =H14*0.55 -> 6.6 | M14: =IF(L14>=20,"Critical",IF(L14>=12,"High",IF(L14>=6,"Medium","Low"))) -> Medium | N14: =ROUND((1-L14/H14)*100,1) -> 45 | O14: Implement formal TPCRM programme | P14: Open | Q14: Procurement | R14: 2025-06-01 | S14: Annex A 5.19-5.22 control area
A15: R-007 | B15: Human Risk | C15: All Staff | D15: Social engineering / insider threat | E15: No security awareness programme | F15: 4 | G15: 4 | H15: =F15*G15 -> 16 | I15: =IF(H15>=20,"Critical",IF(H15>=12,"High",IF(H15>=6,"Medium","Low"))) -> High | J15: Annual security training | K15: Low | L15: =H15*0.5 -> 8 | M15: =IF(L15>=20,"Critical",IF(L15>=12,"High",IF(L15>=6,"Medium","Low"))) -> Medium | N15: =ROUND((1-L15/H15)*100,1) -> 50 | O15: Quarterly phishing simulations + role-based training | P15: In Progress | Q15: HR / Security | R15: 2025-03-31 | S15: Phishing toolkit project aligned
A16: R-008 | B16: Network Security | C16: Corporate Network | D16: Lateral movement post-breach | E16: Flat network; no micro-segmentation | F16: 3 | G16: 5 | H16: =F16*G16 -> 15 | I16: =IF(H16>=20,"Critical",IF(H16>=12,"High",IF(H16>=6,"Medium","Low"))) -> High | J16: Firewall at perimeter | K16: Low | L16: =H16*0.6 -> 9 | M16: =IF(L16>=20,"Critical",IF(L16>=12,"High",IF(L16>=6,"Medium","Low"))) -> Medium | N16: =ROUND((1-L16/H16)*100,1) -> 40 | O16: Zero Trust architecture via Azure Firewall + segmentation | P16: Open | Q16: Network Team | R16: 2025-05-30 | S16: Zero Trust Terraform project addresses this
A17: R-009 | B17: Business Continuity | C17: Critical Applications | D17: Extended system downtime | E17: No tested DR plan; single region | F17: 3 | G17: 5 | H17: =F17*G17 -> 15 | I17: =IF(H17>=20,"Critical",IF(H17>=12,"High",IF(H17>=6,"Medium","Low"))) -> High | J17: Some manual failover procedures | K17: Low | L17: =H17*0.55 -> 8.25 | M17: =IF(L17>=20,"Critical",IF(L17>=12,"High",IF(L17>=6,"Medium","Low"))) -> Medium | N17: =ROUND((1-L17/H17)*100,1) -> 45 | O17: Design & test multi-region DR with RTO < 4 hours | P17: Open | Q17: IT Manager | R17: 2025-07-01 | S17: BCP/DRP review scheduled Q2 2025
A18: R-010 | B18: Vulnerability Mgmt | C18: All Systems | D18: Unpatched critical vulnerability exploitation | E18: No automated patch management | F18: 3 | G18: 4 | H18: =F18*G18 -> 12 | I18: =IF(H18>=20,"Critical",IF(H18>=12,"High",IF(H18>=6,"Medium","Low"))) -> High | J18: Monthly manual patching | K18: Medium | L18: =H18*0.45 -> 5.4 | M18: =IF(L18>=20,"Critical",IF(L18>=12,"High",IF(L18>=6,"Medium","Low"))) -> Low | N18: =ROUND((1-L18/H18)*100,1) -> 55 | O18: Deploy Microsoft Intune autopatch + Qualys scanning | P18: In Progress | Q18: IT Operations | R18: 2025-04-15 | S18: Aligned to DevSecOps pipeline project

Sheet ISO27001 Gap Analysis
A1: ISO 27001:2022 — Gap Analysis (All 93 Controls)
A2: Annex A Control Assessment · Score 0=Not Implemented · 5=Fully Implemented
A4: Control ID | B4: Domain | C4: Control Title | D4: Description | E4: Current Maturity (0-5) | F4: Target Maturity | G4: Gap | H4: Implementation Status | I4: Evidence | J4: Priority | K4: Owner | L4: Target Date | M4: Notes
A5: 5.1 | B5: Org Controls | C5: Policies for information security | D5: IS policy reviewed annually and communicated | E5: 4 | F5: 5 | G5: 3 | H5: Partially Implemented | I5: IS Policy v3.2 in SharePoint | J5: High | K5: ISMS Lead | L5: 2025-Q2 | M5: Needs board sign-off on latest revision
A6: 5.2 | B6: Org Controls | C6: Information security roles | D6: Roles defined in RACI matrix | E6: 3 | F6: 5 | G6: 3 | H6: Partially Implemented | I6: RACI document v1.1 | J6: High | K6: CISO | L6: 2025-Q1 | M6: Security champion programme needed
A7: 5.14 | B7: Org Controls | C7: Information transfer | D7: Data classification & transfer controls | E7: 2 | F7: 4 | G7: 4 | H7: Not Implemented | I7: Draft policy only | J7: High | K7: Legal/IT | L7: 2025-Q2 | M7: UAE PDPL compliance required
A8: 5.19 | B8: Org Controls | C8: Information security in supplier relationships | D8: Vendor assessment questionnaire | E8: 3 | F8: 5 | G8: 3 | H8: Partially Implemented | I8: 25 of 40 vendors assessed | J8: High | K8: Procurement | L8: 2025-Q3 | M8: TPCRM programme in development
A9: 6.1 | B9: People Controls | C9: Screening | D9: Background checks for all staff | E9: 4 | F9: 5 | G9: 2 | H9: Mostly Implemented | I9: HR pre-employment policy | J9: Medium | K9: HR | L9: 2025-Q2 | M9: Contractor screening gaps
A10: 6.3 | B10: People Controls | C10: Information security awareness | D10: Annual training only | E10: 2 | F10: 5 | G10: 4 | H10: Not Implemented | I10: LMS records 2024 | J10: High | K10: HR/Security | L10: 2025-Q1 | M10: Phishing simulation programme needed
A11: 7.1 | B11: Physical Controls | C11: Physical security perimeters | D11: Datacentre physical access controls | E11: 5 | F11: 5 | G11: 0 | H11: Fully Implemented | I11: CCTV, badge access, mantrap | J11: Low | K11: Facilities | L11: N/A | M11: Compliant — evidence on file
A12: 7.4 | B12: Physical Controls | C12: Physical security monitoring | D12: 24/7 CCTV, guard rounds | E12: 5 | F12: 5 | G12: 0 | H12: Fully Implemented | I12: Security monitoring SOPs | J12: Low | K12: Facilities | L12: N/A | M12: Annual review completed
A13: 8.2 | B13: Tech Controls | C13: Privileged access rights | D13: Privileged accounts reviewed quarterly | E13: 3 | F13: 5 | G13: 3 | H13: Partially Implemented | I13: AD access reviews Q4 2024 | J13: High | K13: IT Admin | L13: 2025-Q1 | M13: PAM solution required
A14: 8.5 | B14: Tech Controls | C14: Secure authentication | D14: MFA enforced on all SaaS and email | E14: 4 | F14: 5 | G14: 2 | H14: Mostly Implemented | I14: Entra ID MFA report | J14: High | K14: IT Security | L14: 2025-Q1 | M14: Legacy apps still use passwords
A15: 8.7 | B15: Tech Controls | C15: Protection against malware | D15: Defender for Endpoint deployed | E15: 4 | F15: 5 | G15: 2 | H15: Mostly Implemented | I15: Defender coverage report | J15: Medium | K15: IT Security | L15: 2025-Q1 | M15: 100% coverage target
A16: 8.8 | B16: Tech Controls | C16: Management of technical vulnerabilities | D16: Monthly scanning partial | E16: 2 | F16: 5 | G16: 4 | H16: Not Implemented | I16: Nessus scan Q3 2024 | J16: High | K16: IT Ops | L16: 2025-Q2 | M16: Automated patch management needed
... A22: 8.30 | B22: Tech Controls | C22: Outsourced development | D22: Vendor code review process | E22: 1 | F22: 4 | G22: 4 | H22: Not Implemented | I22: None | J22: High | K22: IT/Legal | L22: 2025-Q3 | M22: Policy needed

Sheet Dashboard
A1: ISMS Executive Dashboard
A3: TOTAL CONTROLS ASSESSED | C3: FULLY IMPLEMENTED | E3: PARTIALLY IMPLEMENTED | G3: NOT IMPLEMENTED | I3: CRITICAL RISKS
A4: 18 | C4: =COUNTIF('ISO27001 Gap Analysis'!H5:H200,"Fully Implemented") -> 2 | E4: =COUNTIF('ISO27001 Gap Analysis'!H5:H200,"Partially Implemented") -> 4 | G4: =COUNTIF('ISO27001 Gap Analysis'!H5:H200,"Not Implemented") -> 6 | I4: =COUNTIF('Risk Register'!I9:I200,"Critical") -> 2
A7: Risk Summary by Category
A8: Category | B8: Count | C8: Critical+High
A9: Cybersecurity | B9: =COUNTIF('Risk Register'!B9:B200,"Cybersecurity") -> 1 | C9: =COUNTIFS('Risk Register'!B9:B200,"Cybersecurity",'Risk Register'!I9:I200,"Critical")+COUNTIFS('Risk Register'!B9:B200,"Cybersecurity",'Risk Register'!I9:I200,"High") -> 1
A10: Cloud Security | B10: =COUNTIF('Risk Register'!B9:B200,"Cloud Security") -> 1 | C10: =COUNTIFS('Risk Register'!B9:B200,"Cloud Security",'Risk Register'!I9:I200,"Critical")+COUNTIFS('Risk Register'!B9:B200,"Cloud Security",'Risk Register'!I9:I200,"High") -> 1
A11: Access Control | B11: =COUNTIF('Risk Register'!B9:B200,"Access Control") -> 1 | C11: =COUNTIFS('Risk Register'!B9:B200,"Access Control",'Risk Register'!I9:I200,"Critical")+COUNTIFS('Risk Register'!B9:B200,"Access Control",'Risk Register'!I9:I200,"High") -> 1
A12: Data Protection | B12: =COUNTIF('Risk Register'!B9:B200,"Data Protection") -> 1 | C12: =COUNTIFS('Risk Register'!B9:B200,"Data Protection",'Risk Register'!I9:I200,"Critical")+COUNTIFS('Risk Register'!B9:B200,"Data Protection",'Risk Register'!I9:I200,"High") -> 1
A13: Compliance | B13: =COUNTIF('Risk Register'!B9:B200,"Compliance") -> 1 | C13: =COUNTIFS('Risk Register'!B9:B200,"Compliance",'Risk Register'!I9:I200,"Critical")+COUNTIFS('Risk Register'!B9:B200,"Compliance",'Risk Register'!I9:I200,"High") -> 0
A14: Third Party | B14: =COUNTIF('Risk Register'!B9:B200,"Third Party") -> 1 | C14: =COUNTIFS('Risk Register'!B9:B200,"Third Party",'Risk Register'!I9:I200,"Critical")+COUNTIFS('Risk Register'!B9:B200,"Third Party",'Risk Register'!I9:I200,"High") -> 1
A15: Human Risk | B15: =COUNTIF('Risk Register'!B9:B200,"Human Risk") -> 1 | C15: =COUNTIFS('Risk Register'!B9:B200,"Human Risk",'Risk Register'!I9:I200,"Critical")+COUNTIFS('Risk Register'!B9:B200,"Human Risk",'Risk Register'!I9:I200,"High") -> 1
A16: Network Security | B16: =COUNTIF('Risk Register'!B9:B200,"Network Security") -> 1 | C16: =COUNTIFS('Risk Register'!B9:B200,"Network Security",'Risk Register'!I9:I200,"Critical")+COUNTIFS('Risk Register'!B9:B200,"Network Security",'Risk Register'!I9:I200,"High") -> 1
A17: Business Continuity | B17: =COUNTIF('Risk Register'!B9:B200,"Business Continuity") -> 1 | C17: =COUNTIFS('Risk Register'!B9:B200,"Business Continuity",'Risk Register'!I9:I200,"Critical")+COUNTIFS('Risk Register'!B9:B200,"Business Continuity",'Risk Register'!I9:I200,"High") -> 1
A18: Vulnerability Mgmt | B18: =COUNTIF('Risk Register'!B9:B200,"Vulnerability Mgmt") -> 1 | C18: =COUNTIFS('Risk Register'!B9:B200,"Vulnerability Mgmt",'Risk Register'!I9:I200,"Critical")+COUNTIFS('Risk Register'!B9:B200,"Vulnerability Mgmt",'Risk Register'!I9:I200,"High") -> 1
